"Status","Start Time","Stop Time","Duration in ms","Parent Suite","Suite","Sub Suite","Test Class","Test Method","Name","Description"
"passed","Sat Jul 27 02:09:26 IST 2024","Sat Jul 27 02:09:27 IST 2024","1216","","Login Page: Verify Login with different username and passwords with messages","","","","Then Verify that Provided credentials do not match any user in this service. is displayed",""
"passed","Sat Jul 27 02:09:30 IST 2024","Sat Jul 27 02:09:31 IST 2024","925","","Login Page: Verify Login with different username and passwords with messages","","","","Then Verify that Username is required is displayed",""
"passed","Sat Jul 27 02:09:35 IST 2024","Sat Jul 27 02:09:39 IST 2024","3339","","Login Page: Verify Login with different username and passwords with messages","","","","When User enter username bob@example.com",""
"passed","Sat Jul 27 02:09:22 IST 2024","Sat Jul 27 02:09:27 IST 2024","4742","","Login Page: Verify Login with different username and passwords with messages","","","","When User enter username 1@2.com",""
"passed","Sat Jul 27 02:09:20 IST 2024","Sat Jul 27 02:09:22 IST 2024","2408","","Login Page: Verify Login with different username and passwords with messages","","","","Then Verify that Sorry, this user has been locked out. is displayed",""
"failed","Sat Jul 27 02:09:39 IST 2024","Sat Jul 27 02:09:39 IST 2024","1","","","","","","hook:",""
"passed","Sat Jul 27 02:09:39 IST 2024","Sat Jul 27 02:09:39 IST 2024","5","","Login Page: Verify Login with different username and passwords with messages","","","","Then Verify that Products is displayed",""
"passed","Sat Jul 27 02:09:34 IST 2024","Sat Jul 27 02:09:35 IST 2024","989","","Login Page: Verify Login with different username and passwords with messages","","","","Then Verify that Password is required is displayed",""
"passed","Sat Jul 27 02:09:38 IST 2024","Sat Jul 27 02:09:39 IST 2024","941","","Login Page: Verify Login with different username and passwords with messages","","","","And Click on Login Button",""
"passed","Sat Jul 27 02:09:27 IST 2024","Sat Jul 27 02:09:31 IST 2024","4147","","Login Page: Verify Login with different username and passwords with messages","","","","When User enter username",""
"passed","Sat Jul 27 02:09:35 IST 2024","Sat Jul 27 02:09:38 IST 2024","2389","","Login Page: Verify Login with different username and passwords with messages","","","","And User enter password 10203040",""
"passed","Sat Jul 27 02:09:09 IST 2024","Sat Jul 27 02:09:15 IST 2024","5542","","Login Page: Verify Login with different username and passwords with messages","","","","When User enter username alice@example.com",""
"passed","Sat Jul 27 02:09:31 IST 2024","Sat Jul 27 02:09:33 IST 2024","2158","","Login Page: Verify Login with different username and passwords with messages","","","","And User enter password",""
"passed","Sat Jul 27 02:09:35 IST 2024","Sat Jul 27 02:09:35 IST 2024","185","","Login Page: Verify Login with different username and passwords with messages","","","","Given User is in Login Page",""
"passed","Sat Jul 27 02:09:22 IST 2024","Sat Jul 27 02:09:25 IST 2024","2585","","Login Page: Verify Login with different username and passwords with messages","","","","And User enter password f-o-o",""
